<?xml version="1.0" encoding="UTF-8"?>
<project-private xmlns="http://www.netbeans.org/ns/project-private/1">
    <editor-bookmarks xmlns="http://www.netbeans.org/ns/editor-bookmarks/2" lastBookmarkId="0"/>
    <open-files xmlns="http://www.netbeans.org/ns/projectui-open-files/2">
        <group>
            <file>file:/home/betbp/Dropbox/ARQSOFT%20project/chessARQSOFT/src/upc/edu/etsetb/softarch/multigame/client/Client.java</file>
            <file>file:/home/betbp/Dropbox/ARQSOFT%20project/chessARQSOFT/src/upc/edu/etsetb/softarch/multigame/server/chess/ChessController.java</file>
            <file>file:/home/betbp/Dropbox/ARQSOFT%20project/chessARQSOFT/src/upc/edu/etsetb/softarch/multigame/server/UserSessController.java</file>
            <file>file:/home/betbp/Dropbox/ARQSOFT%20project/chessARQSOFT/src/upc/edu/etsetb/softarch/multigame/server/impl/UserSessControllerImpl.java</file>
        </group>
    </open-files>
</project-private>
